Symbol,Count,Frequency
"

",2643,0.007904086319919613
"
В",76,0.00022728360208622422
Ве,52,0.00015550983300636394
еч,497,0.00148631513469544
че,1146,0.003427197473563328
ер,2254,0.006740753146083545
ра,2118,0.00633403512129767
ан,1931,0.005774797837217092
на,3628,0.010849801425905546
ах,376,0.0011244557155844776
ху,123,0.0003678405665342839
ут,665,0.001988731518254462
то,4580,0.01369682759940667
ор,2395,0.007162424039427724
ре,1856,0.005550504808842528
еб,931,0.002784224125556247
бл,291,0.0008702569500933059
ли,2264,0.006770658883200153
из,763,0.002281807741997225
зД,7,2.0934015981625914e-05
Ди,29,8.67266376381645e-05
ик,1002,0.002996554859084167
ка,3126,0.009348533422651802
нь,489,0.0014623905450021533
ьк,778,0.0023266663476721374
ки,1418,0.004240633523135078
"и
",13,3.8877458251590985e-05
"
П",100,0.0002990573711660845
По,247,0.0007386717067802287
ов,3136,0.00937843915976841
ве,1730,0.005173692521173262
ес,2047,0.00612170438776975
ст,3235,0.009674505957222834
ти,1106,0.0033075745250968945
"и,",847,0.0025330159337767356
",и",621,0.0018571462749413848
зд,283,0.0008463323604000192
да,1507,0.004506794583472894
нн,738,0.0022070433992057038
ны,954,0.002853007320924446
ые,459,0.0013726733336523278
еп,962,0.002876931910617733
па,757,0.0022638642997272595
ас,1801,0.005386023254701182
си,502,0.0015012680032537441
ич,636,0.0019020048806162974
чн,193,0.0005771807263505431
ни,2107,0.0063011388104694
ко,3299,0.009865902674769127
ом,1846,0.00552059907172592
мР,1,2.990573711660845e-06
Ру,15,4.485860567491267e-05
уд,942,0.002817120436384516
ды,266,0.0007954926073017848
ым,458,0.001369682759940667
мП,8,2.392458969328676e-05
Па,68,0.00020335901239293747
"м
",3,8.971721134982535e-06
"
Ч",37,0.00011065122733145127
Ча,7,2.0934015981625914e-05
ть,2193,0.006558328149672233
ьп,242,0.0007237188382219245
пе,827,0.002473204459543519
рв,88,0.0002631704866261544
ва,2170,0.006489544954304034
ая,871,0.002604789702856596
"я
",5,1.4952868558304225e-05
Пр,153,0.00045755777788410927
ед,1321,0.003950547873103976
ди,913,0.0027303937987463514
ис,1515,0.00453071917316618
сл,881,0.0026346954399732044
ло,2883,0.008621824010718216
ви,1323,0.003956529020527298
ие,631,0.0018870520120579932
"е
",3,8.971721134982535e-06
"
«",32,9.569835877314705e-05
«Э,13,3.8877458251590985e-05
Эт,72,0.00021532130723958084
оч,843,0.0025210536389300925
чт,1093,0.0032686970668453037
оз,821,0.002455261017273554
за,2165,0.0064745920857457295
не,3626,0.010843820278482224
ев,1166,0.0034870089477965454
ид,890,0.002661610603378152
ал,3011,0.009004617445810804
ль,1073,0.003208885592612087
ь:,38,0.00011364180104311211
:„,1,2.990573711660845e-06
„В,2,5.98114742332169e-06
и“,1,2.990573711660845e-06
“?,2,5.98114742332169e-06
?Ч,11,3.28963108282693e-05
Чт,145,0.0004336331881908225
оэ,60,0.0001794344226996507
эт,469,0.0014025790707689362
а„,1,2.990573711660845e-06
а“,1,2.990573711660845e-06
?И,8,2.392458969328676e-05
Иш,1,2.990573711660845e-06
шв,10,2.990573711660845e-05
вы,911,0.0027244126513230296
ыр,111,0.0003319536819943538
рн,304,0.0009091344083448969
ну,1042,0.0031161778075506005
ул,652,0.001949854060002871
лв,191,0.0005711995789272214
вс,1191,0.0035617732905880665
св,848,0.0025360065074883967
ет,2446,0.007314943298722427
тк,336,0.001004832767118044
ак,2440,0.007296999856452462
ой,990,0.0029606679745442367
й-,60,0.0001794344226996507
-т,228,0.0006818508062586727
оп,1093,0.0032686970668453037
к!,70,0.00020934015981625916
!С,36,0.00010766065361979042
Сл,57,0.00017046270156466817
ла,2018,0.006034977750131585
ав,1430,0.004276520407675008
аб,531,0.0015879946408919087
бо,749,0.002239939710033973
ог,2003,0.005990119144456673
гу,308,0.0009210967031915403
у!,90,0.00026915163404947603
!е,8,2.392458969328676e-05
ещ,310,0.000927077850614862
ще,427,0.0012769749748791808
ем,1582,0.0047310876118474565
ма,958,0.0028649696157710897
оо,354,0.001058663093927939
об,1398,0.0041808220489018616
од,2131,0.006372912579549261
др,418,0.0012500598114742333
иг,351,0.0010496913727929566
ус,597,0.0017853725058615245
се,1372,0.004103067132398679
ей,551,0.0016478061151251255
йн,184,0.0005502655629455955
ап,790,0.0023625532322120676
рь,308,0.0009210967031915403
ья,236,0.0007057753959519594
яи,178,0.0005323221206756304
ии,313,0.0009360495717498445
зв,283,0.0008463323604000192
ел,2044,0.006112732666634767
ит,1580,0.004725106464424135
тр,841,0.0025150724915067708
ря,428,0.0012799655485908417
яп,240,0.0007177376907986028
пь,36,0.00010766065361979042
ян,675,0.0020186372553710704
бу,576,0.0017225704579166467
ум,643,0.0019229388965979234
аг,314,0.0009390401454615053
!Е,9,2.6915163404947605e-05
Ещ,27,8.074549021484281e-05
он,2121,0.006343006842432652
ар,1193,0.0035677544380113882
ро,2775,0.008298842049858845
ду,845,0.002527034786353414
"у,",604,0.0018063065218431504
",в",612,0.001830231111536437
ся,1668,0.0049882769510502896
як,328,0.0009809081774247571
го,3316,0.009916742427867362
ия,189,0.0005652184315038997
сб,61,0.00018242499641131155
бр,476,0.0014235130867505622
ьц,52,0.00015550983300636394
цы,160,0.0004784917938657352
ыв,537,0.0016059380831618738
вч,75,0.0002242930283745634
ил,1758,0.005257428585099765
х!,25,7.476434279152113e-05
!Д,25,7.476434279152113e-05
Де,47,0.0001405569644480597
аж,363,0.0010855782573328868
же,1152,0.0034451409158332935
ео,276,0.0008253983444183932
ох,289,0.0008642758026699843
хо,820,0.002452270443561893
от,2448,0.007320924446145748
та,2071,0.00619347815684961
аи,305,0.0009121249820565578
ип,667,0.0019947126656777838
по,3043,0.009100315804583951
ащ,70,0.00020934015981625916
щи,172,0.0005143786784056653
ьс,586,0.0017524761950332552
яв,411,0.0012291257954926073
ле,1473,0.004405115077276425
дз,29,8.67266376381645e-05
ад,901,0.0026945069142064212
ру,1077,0.00322084788745873
уг,471,0.001408560218192258
ги,212,0.0006340016268720992
им,1001,0.0029935642853725058
ми,1211,0.0036215847648212833
и!,126,0.00037681228766926647
!П,37,0.00011065122733145127
во,2347,0.007018876501268003
"о,",849,0.0025389970812000574
",п",790,0.0023625532322120676
ча,685,0.002048542992487679
ат,2005,0.005996100291879994
тн,428,0.0012799655485908417
но,2802,0.008379587540073688
йб,71,0.00021233073352791999
ир,343,0.0010257667830996697
аз,1381,0.004129982295803627
ос,2395,0.007162424039427724
сь,1175,0.0035139241112014928
ол,2542,0.007602038375041868
",ч",849,0.0025389970812000574
пр,1926,0.005759844968658788
ри,1860,0.005562467103689172
ае,575,0.0017195798842049859
еш,479,0.0014324848078855448
шь,286,0.0008553040815350017
ск,1229,0.0036754150916311784
бы,1210,0.0036185941911096226
ыт,241,0.0007207282645102636
ое,830,0.0024821761806785012
ез,634,0.0018960237331929757
ьв,293,0.0008762380975166276
вн,425,0.001270993827455859
ее,598,0.0017883630795731853
е»,5,1.4952868558304225e-05
».,43,0.00012859466960141633
".
",1059,0.003167017560648835
"
С",62,0.0001854155701229724
лы,315,0.0009420307191731662
ыш,257,0.0007685774438968371
ша,446,0.001333795875400737
",с",560,0.0016747212785300732
мо,1209,0.0036156036173979615
еэ,37,0.00011065122733145127
чи,648,0.0019378917651562276
ам,1477,0.004417077372123068
ме,1376,0.0041150294272453225
яц,60,0.0001794344226996507
ц!,26,7.775491650318197e-05
!Т,38,0.00011364180104311211
То,74,0.00022130245466290253
"ь,",802,0.0023984401167519978
",я",87,0.00026017991291449354
яг,119,0.00035587827168764055
рю,72,0.00021532130723958084
"ю,",262,0.0007835303124551414
аш,436,0.0013038901382841283
ше,766,0.0022907794631322072
му,782,0.002338628642518781
уб,488,0.0014593999712904924
ту,650,0.0019438729125795492
",х",96,0.0002870950763194411
ин,1646,0.0049224843293937505
ыс,281,0.0008403512129766974
су,228,0.0006818508062586727
ун,337,0.0010078233408297049
ьн,526,0.0015730417723336045
зс,47,0.0001405569644480597
ег,1296,0.0038757835303124552
лу,581,0.001737523326474951
вб,65,0.00019438729125795492
ьш,124,0.0003708311402459448
шо,101,0.00030204794487774533
йс,333,0.0009958610459830613
т–,15,4.485860567491267e-05
–б,23,6.878319536819944e-05
ба,486,0.0014534188238671706
тю,12,3.588688453993014e-05
юш,31,9.27077850614862e-05
шк,375,0.001121465141872817
ои,587,0.001755466768744916
!Э,15,4.485860567491267e-05
ок,1155,0.003454112636968276
"к,",297,0.000888200392363271
уч,354,0.001058663093927939
тс,687,0.0020545241399110006
"я,",533,0.0015939757883152304
гд,454,0.0013577204650940236
ай,293,0.0008762380975166276
йд,203,0.0006070864634671515
де,1662,0.004970333508780325
вп,194,0.0005801713000622039
ив,1395,0.004171850327766879
а:,55,0.00016448155414134648
:в,32,9.569835877314705e-05
бс,34,0.00010167950619646873
уп,422,0.0012620221063208766
пя,109,0.0003259725345710321
ят,676,0.002021627829082731
тт,136,0.00040671802478587494
те,1810,0.0054129384181061295
бя,210,0.0006280204794487774
тд,135,0.00040372745107421405
ур,289,0.0008642758026699843
ач,418,0.0012500598114742333
ь.,244,0.0007296999856452462
.Е,59,0.00017644384898798986
ын,259,0.0007745585913201588
пу,272,0.0008134360495717499
ьу,56,0.00016747212785300731
уж,519,0.0015521077563519785
сш,33,9.868893248480789e-05
ке,232,0.000693813101105316
тв,675,0.0020186372553710704
",н",732,0.0021890999569357385
"т,",418,0.0012500598114742333
",к",1068,0.0031939327240537827
-н,98,0.0002930762237427628
иб,377,0.0011274462892961385
дь,346,0.0010347385042346524
ьо,165,0.0004934446624240395
ый,631,0.0018870520120579932
йм,117,0.0003498971242643189
ьч,61,0.00018242499641131155
иш,237,0.0007087659696636203
"а,",905,0.0027064692090530648
см,345,0.0010317479305229915
ь–,37,0.00011065122733145127
–д,30,8.971721134982534e-05
ры,555,0.001659768409971769
йк,190,0.0005682090052155606
дн,864,0.00258385568687497
мд,107,0.0003199913871477104
дв,310,0.000927077850614862
"е,",789,0.002359562658500407
тп,210,0.0006280204794487774
т;,28,8.373606392650366e-05
;и,50,0.00014952868558304225
со,715,0.002138260203837504
ех,359,0.0010736159624862435
хс,115,0.0003439159768409972
нп,81,0.00024223647064452845
пы,76,0.00022728360208622422
га,354,0.001058663093927939
и.,350,0.0010467007990812957
.«,90,0.00026915163404947603
«К,13,3.8877458251590985e-05
Ку,65,0.00019438729125795492
ку,1067,0.0031909421503421216
",з",209,0.0006250299057371166
м?,25,7.476434279152113e-05
?п,5,1.4952868558304225e-05
ош,366,0.0010945499784678692
"л,",226,0.000675869658835351
",м",228,0.0006818508062586727
жи,501,0.0014982774295420834
л!,38,0.00011364180104311211
!.,71,0.00021233073352791999
..,94,0.0002811139288961194
.»,6,1.794344226996507e-05
»Я,1,2.990573711660845e-06
Яв,19,5.6820900521556055e-05
мс,252,0.0007536245753385329
жу,109,0.0003259725345710321
у…,20,5.98114742332169e-05
…Д,8,2.392458969328676e-05
Да,169,0.0005054069572706828
ь!,146,0.00043662376190248335
!М,15,4.485860567491267e-05
Мн,39,0.00011663237475477295
гч,6,1.794344226996507e-05
вг,83,0.0002482176180678501
дс,108,0.00032298196085937125
съ,8,2.392458969328676e-05
ъе,30,8.971721134982534e-05
вМ,7,2.0934015981625914e-05
Ми,11,3.28963108282693e-05
рг,38,0.00011364180104311211
"д,",86,0.00025718933920283266
вк,264,0.0007895114598784631
мв,163,0.00048746351500071774
ьл,67,0.0002003684386812766
кн,382,0.0011423991578544427
лм,45,0.00013457581702473802
ен,2081,0.006223383893966219
ня,552,0.0016507966888367864
до,1278,0.0038219532035025598
зз,21,6.280204794487775e-05
зе,244,0.0007296999856452462
йи,70,0.00020934015981625916
"й,",352,0.0010526819465046175
мп,183,0.0005472749892339346
вэ,37,0.00011065122733145127
ий,394,0.001178286042394373
т.,120,0.0003588688453993014
.А,50,0.00014952868558304225
Ап,7,2.0934015981625914e-05
лс,726,0.0021711565146657736
я–,14,4.186803196325183e-05
–п,204,0.0006100770371788124
пл,249,0.0007446528542035504
чь,152,0.00045456720417244844
",д",295,0.0008822192449399492
йо,61,0.00018242499641131155
"
У",14,4.186803196325183e-05
Ун,8,2.392458969328676e-05
"с,",66,0.00019737786496961578
лю,395,0.0011812766161060338
юб,134,0.0004007368773625532
бе,809,0.0024193741327336237
зн,677,0.002024618402794392
гн,158,0.00047251064644241353
о(,1,2.990573711660845e-06
(в,1,2.990573711660845e-06
"ы,",315,0.0009420307191731662
ож,775,0.002317694626537155
тб,91,0.0002721422077611369
сс,318,0.0009510024403081487
рд,110,0.00032896310828269297
кг,51,0.0001525192592947031
мз,57,0.00017046270156466817
кб,173,0.0005173692521173262
дт,202,0.0006040958897554907
у-,14,4.186803196325183e-05
уи,152,0.00045456720417244844
у),1,2.990573711660845e-06
"),",13,3.8877458251590985e-05
",–",376,0.0011244557155844776
–у,11,3.28963108282693e-05
"х,",184,0.0005502655629455955
:к,17,5.083975309823437e-05
кт,210,0.0006280204794487774
нч,45,0.00013457581702473802
яр,128,0.0003827934350925882
ты,616,0.0018421934063830806
кз,38,0.00011364180104311211
ых,280,0.0008373606392650366
ха,387,0.001157352026412747
сю,64,0.0001913967175462941
юз,30,8.971721134982534e-05
зи,96,0.0002870950763194411
ьи,224,0.0006698885114120293
шб,1,2.990573711660845e-06
яч,128,0.0003827934350925882
их,654,0.0019558352074261925
хп,77,0.00023027417579788508
пч,27,8.074549021484281e-05
вт,130,0.00038877458251590985
мн,653,0.0019528446337145318
йп,158,0.00047251064644241353
гр,319,0.0009539930140198096
"б,",26,7.775491650318197e-05
иж,184,0.0005502655629455955
вл,185,0.0005532561366572563
уш,480,0.0014354753815972055
шн,212,0.0006340016268720992
еу,194,0.0005801713000622039
ув,388,0.0011603426001244078
–т,43,0.00012859466960141633
",т",374,0.001118474568161156
"р,",54,0.00016149098042968563
",у",181,0.000541293841810613
е-,62,0.0001854155701229724
нц,102,0.0003050385185894062
це,370,0.0011065122733145125
иц,406,0.001214172926934303
ыб,116,0.000346906550552658
зж,51,0.0001525192592947031
ек,572,0.0017106081630700034
хи,162,0.0004844729412890569
сн,561,0.0016777118522417341
",б",266,0.0007954926073017848
",а",165,0.0004934446624240395
дч,13,3.8877458251590985e-05
кр,792,0.0023685343796353894
пк,95,0.0002841045026077803
",г",192,0.0005741901526388822
",ш",20,5.98114742332169e-05
шу,142,0.00042466146705583997
м…,23,6.878319536819944e-05
…Э,3,8.971721134982535e-06
оу,219,0.000654935642853725
ы!,57,0.00017046270156466817
!О,32,9.569835877314705e-05
Он,70,0.00020934015981625916
",о",352,0.0010526819465046175
ши,845,0.002527034786353414
ы;,38,0.00011364180104311211
;т,38,0.00011364180104311211
ьз,136,0.00040671802478587494
зя,110,0.00032896310828269297
яс,513,0.0015341643140820134
м.,219,0.000654935642853725
.Н,285,0.0008523135078233408
На,107,0.0003199913871477104
дл,145,0.0004336331881908225
ля,685,0.002048542992487679
ып,214,0.0006399827742954208
рт,291,0.0008702569500933059
вр,244,0.0007296999856452462
ук,547,0.0016358438202784822
у;,50,0.00014952868558304225
;а,89,0.0002661610603378152
ау,164,0.0004904540887123786
ух,245,0.0007326905593569071
лп,232,0.000693813101105316
ву,288,0.0008612852289583234
кс,203,0.0006070864634671515
яб,113,0.0003379348294176755
"м,",428,0.0012799655485908417
сг,38,0.00011364180104311211
бн,71,0.00021233073352791999
ям,236,0.0007057753959519594
и;,91,0.0002721422077611369
я:,43,0.00012859466960141633
мя,164,0.0004904540887123786
",л",70,0.00020934015981625916
ью,102,0.0003050385185894062
ют,247,0.0007386717067802287
жд,204,0.0006100770371788124
гл,478,0.001429494234173884
;н,140,0.0004186803196325183
вх,43,0.00012859466960141633
бк,82,0.0002452270443561893
чо,24,7.177376907986028e-05
м–,10,2.990573711660845e-05
яш,37,0.00011065122733145127
ыи,108,0.00032298196085937125
шт,32,9.569835877314705e-05
я.,166,0.0004964352361357002
"
Н",72,0.00021532130723958084
Но,137,0.00040970859849753577
чш,57,0.00017046270156466817
бь,31,9.27077850614862e-05
ую,359,0.0010736159624862435
юк,123,0.0003678405665342839
чк,211,0.0006310110531604383
тя,240,0.0007177376907986028
яз,173,0.0005173692521173262
дк,170,0.0005083975309823437
лт,114,0.00034092540312933634
ню,72,0.00021532130723958084
ю.,131,0.0003917651562275707
.Б,47,0.0001405569644480597
Бо,92,0.00027513278147279775
й!,84,0.000251208191779511
!Ч,33,9.868893248480789e-05
Че,83,0.0002482176180678501
т!,97,0.00029008565003110196
От,39,0.00011663237475477295
ык,140,0.0004186803196325183
аю,277,0.0008283889181300541
!К,34,0.00010167950619646873
Ка,249,0.0007446528542035504
!Н,47,0.0001405569644480597
ыл,645,0.001928920044021245
зы,182,0.0005442844155222738
"н,",209,0.0006250299057371166
аР,3,8.971721134982535e-06
оП,16,4.784917938657352e-05
а.,440,0.0013158524331307719
.З,55,0.00016448155414134648
За,90,0.00026915163404947603
иР,1,2.990573711660845e-06
–е,14,4.186803196325183e-05
-б,25,7.476434279152113e-05
ею,184,0.0005502655629455955
юс,135,0.00040372745107421405
.И,103,0.00030802909230106705
Ив,185,0.0005532561366572563
сы,184,0.0005502655629455955
ьб,130,0.00038877458251590985
мр,54,0.00016149098042968563
ыж,8,2.392458969328676e-05
е.,344,0.0010287573568113306
еи,299,0.0008941815397865927
ьт,188,0.0005622278577922388
ыч,53,0.0001585004067180248
й:,14,4.186803196325183e-05
кд,69,0.0002063495861045983
юд,161,0.0004814823675773961
ищ,68,0.00020335901239293747
яо,140,0.0004186803196325183
о.,292,0.0008732475238049667
Бы,20,5.98114742332169e-05
яд,430,0.0012859466960141635
чу,297,0.000888200392363271
жк,72,0.00021532130723958084
–и,71,0.00021233073352791999
Ит,17,5.083975309823437e-05
ьм,245,0.0007326905593569071
нс,151,0.0004515766304607876
.Д,94,0.0002811139288961194
сд,130,0.00038877458251590985
.В,268,0.0008014737547251064
Во,146,0.00043662376190248335
ыд,102,0.0003050385185894062
йц,22,6.57926216565386e-05
рк,183,0.0005472749892339346
кв,224,0.0006698885114120293
",Ф",5,1.4952868558304225e-05
Фо,20,5.98114742332169e-05
уГ,3,8.971721134982535e-06
Гр,98,0.0002930762237427628
ье,311,0.0009300684243265229
а?,72,0.00021532130723958084
?Э,4,1.196229484664338e-05
Эх,17,5.083975309823437e-05
а!,237,0.0007087659696636203
иу,163,0.00048746351500071774
Дв,10,2.990573711660845e-05
хн,130,0.00038877458251590985
.О,121,0.00036185941911096226
йв,111,0.0003319536819943538
хд,45,0.00013457581702473802
х;,13,3.8877458251590985e-05
нв,70,0.00020934015981625916
зт,44,0.0001315852433130772
нк,175,0.0005233503995406479
",ц",15,4.485860567491267e-05
цв,54,0.00016149098042968563
уз,296,0.0008852098186516101
оф,20,5.98114742332169e-05
фе,8,2.392458969328676e-05
вП,12,3.588688453993014e-05
йз,60,0.0001794344226996507
аа,8,2.392458969328676e-05
рш,83,0.0002482176180678501
н.,67,0.0002003684386812766
са,767,0.0022937700368438683
ге,101,0.00030204794487774533
ац,89,0.0002661610603378152
мх,22,6.57926216565386e-05
нб,46,0.00013756639073639887
лз,38,0.00011364180104311211
гт,20,5.98114742332169e-05
я;,34,0.00010167950619646873
мы,255,0.0007625962964735155
мл,191,0.0005711995789272214
ср,59,0.00017644384898798986
юи,98,0.0002930762237427628
кп,101,0.00030204794487774533
лб,105,0.0003140102397243887
у.,276,0.0008253983444183932
Ни,37,0.00011065122733145127
кж,46,0.00013756639073639887
ыо,45,0.00013457581702473802
а-,33,9.868893248480789e-05
-л,7,2.0934015981625914e-05
лн,217,0.0006489544954304034
сп,505,0.0015102397243887268
ою,572,0.0017106081630700034
зп,51,0.0001525192592947031
зу,136,0.00040671802478587494
ио,348,0.0010407196516579742
мк,118,0.0003528876979759797
вш,593,0.0017734102110148811
уе,84,0.000251208191779511
кл,276,0.0008253983444183932
ию,33,9.868893248480789e-05
вд,185,0.0005532561366572563
дц,98,0.0002930762237427628
ца,363,0.0010855782573328868
Ао,3,8.971721134982535e-06
зг,121,0.00036185941911096226
й…,4,1.196229484664338e-05
…Н,23,6.878319536819944e-05
Ну,73,0.00021831188095124167
"ч,",62,0.0001854155701229724
йч,76,0.00022728360208622422
вз,190,0.0005682090052155606
.[,15,4.485860567491267e-05
[1,11,3.28963108282693e-05
1],6,1.794344226996507e-05
]Б,1,2.990573711660845e-06
юп,84,0.000251208191779511
ец,430,0.0012859466960141635
ци,43,0.00012859466960141633
дя,156,0.0004665294990190918
–в,85,0.00025419876549117183
хк,39,0.00011663237475477295
!И,14,4.186803196325183e-05
Ин,21,6.280204794487775e-05
йр,69,0.0002063495861045983
мь,14,4.186803196325183e-05
ао,227,0.0006788602325470118
!Ф,3,8.971721134982535e-06
аГ,18,5.383032680989521e-05
чр,11,3.28963108282693e-05
сч,63,0.00018840614383463323
тэ,21,6.280204794487775e-05
зк,79,0.00023625532322120676
у:,26,7.775491650318197e-05
:о,29,8.67266376381645e-05
нр,34,0.00010167950619646873
нш,6,1.794344226996507e-05
яу,41,0.00012261352217809464
о-,188,0.0005622278577922388
лк,275,0.0008224077707067324
тц,70,0.00020934015981625916
цу,99,0.00029606679745442367
ьщ,8,2.392458969328676e-05
лд,134,0.0004007368773625532
шя,1,2.990573711660845e-06
й.,101,0.00030204794487774533
Вс,105,0.0003140102397243887
с.,30,8.971721134982534e-05
.Л,18,5.383032680989521e-05
Ло,7,2.0934015981625914e-05
о–,12,3.588688453993014e-05
–л,15,4.485860567491267e-05
а–,23,6.878319536819944e-05
ьр,51,0.0001525192592947031
"з,",23,6.878319536819944e-05
шл,144,0.0004306426144791617
вм,133,0.0003977463036508924
цо,98,0.0002930762237427628
Ла,4,1.196229484664338e-05
лг,145,0.0004336331881908225
:«,49,0.0001465381118713814
кэ,12,3.588688453993014e-05
-в,15,4.485860567491267e-05
я?,40,0.0001196229484664338
?»,19,5.6820900521556055e-05
»Д,3,8.971721134982535e-06
пи,318,0.0009510024403081487
",р",146,0.00043662376190248335
юн,80,0.0002392458969328676
бц,7,2.0934015981625914e-05
ы.,146,0.00043662376190248335
.Т,145,0.0004336331881908225
зм,81,0.00024223647064452845
ял,329,0.000983898751136418
и–,27,8.074549021484281e-05
–х,6,1.794344226996507e-05
хв,207,0.0006190487583137949
«П,16,4.784917938657352e-05
!–,351,0.0010496913727929566
–з,63,0.00018840614383463323
лш,12,3.588688453993014e-05
би,202,0.0006040958897554907
–к,73,0.00021831188095124167
уо,53,0.0001585004067180248
я!,127,0.0003798028613809273
!»,114,0.00034092540312933634
»Т,9,2.6915163404947605e-05
Та,72,0.00021532130723958084
бч,16,4.784917938657352e-05
йл,38,0.00011364180104311211
зч,22,6.57926216565386e-05
Не,228,0.0006818508062586727
лр,40,0.0001196229484664338
рм,73,0.00021831188095124167
нг,49,0.0001465381118713814
аф,19,5.6820900521556055e-05
фт,16,4.784917938657352e-05
мт,82,0.0002452270443561893
",щ",4,1.196229484664338e-05
рц,18,5.383032680989521e-05
сз,47,0.0001405569644480597
зо,217,0.0006489544954304034
ьд,126,0.00037681228766926647
сё,6,1.794344226996507e-05
ён,2,5.98114742332169e-06
а;,102,0.0003050385185894062
;д,31,9.27077850614862e-05
хб,28,8.373606392650366e-05
жн,253,0.0007566151490501938
рч,43,0.00012859466960141633
«Н,33,9.868893248480789e-05
рп,47,0.0001405569644480597
и»,5,1.4952868558304225e-05
»…,1,2.990573711660845e-06
…«,6,1.794344226996507e-05
«Б,13,3.8877458251590985e-05
ьж,21,6.280204794487775e-05
"»,",9,2.6915163404947605e-05
"в,",103,0.00030802909230106705
ыу,43,0.00012859466960141633
уФ,11,3.28963108282693e-05
ыГ,6,1.794344226996507e-05
.К,104,0.0003110196660127279
Кс,3,8.971721134982535e-06
оя,302,0.0009031532609215752
шс,6,1.794344226996507e-05
.Р,32,9.569835877314705e-05
аФ,20,5.98114742332169e-05
бп,11,3.28963108282693e-05
"ш,",12,3.588688453993014e-05
кк,60,0.0001794344226996507
яй,32,9.569835877314705e-05
к;,21,6.280204794487775e-05
т(,2,5.98114742332169e-06
(н,2,5.98114742332169e-06
м),3,8.971721134982535e-06
)т,1,2.990573711660845e-06
.Я,43,0.00012859466960141633
Ян,15,4.485860567491267e-05
ща,115,0.0003439159768409972
хл,141,0.00042167089334417914
йт,137,0.00040970859849753577
кч,48,0.00014354753815972056
.П,195,0.0005831618737738648
Пу,26,7.775491650318197e-05
",е",143,0.00042765204076750086
тБ,4,1.196229484664338e-05
"г,",29,8.67266376381645e-05
ущ,29,8.67266376381645e-05
щу,33,9.868893248480789e-05
.М,55,0.00016448155414134648
Ме,24,7.177376907986028e-05
еж,399,0.0011932389109526771
Ли,6,1.794344226996507e-05
жа,402,0.0012022106320876598
уй,36,0.00010766065361979042
–н,64,0.0001913967175462941
к.,79,0.00023625532322120676
"
Д",46,0.00013756639073639887
е:,45,0.00013457581702473802
аД,13,3.8877458251590985e-05
оД,2,5.98114742332169e-06
о:,50,0.00014952868558304225
Пе,89,0.0002661610603378152
рб,30,8.971721134982534e-05
ыщ,14,4.186803196325183e-05
вД,4,1.196229484664338e-05
«А,13,3.8877458251590985e-05
Аг,2,5.98114742332169e-06
кР,2,5.98114742332169e-06
йП,7,2.0934015981625914e-05
о?,52,0.00015550983300636394
»–,73,0.00021831188095124167
–«,10,2.990573711660845e-05
Ав,20,5.98114742332169e-05
м!,54,0.00016149098042968563
–с,207,0.0006190487583137949
"ж,",52,0.00015550983300636394
",ф",4,1.196229484664338e-05
фи,16,4.784917938657352e-05
нт,96,0.0002870950763194411
.Ф,3,8.971721134982535e-06
я-,13,3.8877458251590985e-05
рх,79,0.00023625532322120676
хг,21,6.280204794487775e-05
пн,38,0.00011364180104311211
"
З",31,9.27077850614862e-05
х.,89,0.0002661610603378152
вь,61,0.00018242499641131155
:ч,11,3.28963108282693e-05
хр,94,0.0002811139288961194
ьг,68,0.00020335901239293747
Ак,15,4.485860567491267e-05
тм,66,0.00019737786496961578
бв,21,6.280204794487775e-05
и:,32,9.569835877314705e-05
:с,26,7.775491650318197e-05
р!,5,1.4952868558304225e-05
!А,29,8.67266376381645e-05
Ам,2,5.98114742332169e-06
:н,44,0.0001315852433130772
ыэ,6,1.794344226996507e-05
Пи,23,6.878319536819944e-05
зю,2,5.98114742332169e-06
юм,66,0.00019737786496961578
и?,55,0.00016448155414134648
Ил,3,8.971721134982535e-06
?Б,5,1.4952868558304225e-05
в!,6,1.794344226996507e-05
Ст,110,0.00032896310828269297
–о,42,0.0001256040958897555
бъ,19,5.6820900521556055e-05
ъя,25,7.476434279152113e-05
.С,143,0.00042765204076750086
а…,31,9.27077850614862e-05
…О,10,2.990573711660845e-05
Од,47,0.0001405569644480597
жч,7,2.0934015981625914e-05
зб,56,0.00016747212785300731
?.,23,6.878319536819944e-05
й;,23,6.878319536819944e-05
оа,9,2.6915163404947605e-05
"
Б",26,7.775491650318197e-05
Ба,36,0.00010766065361979042
нд,105,0.0003140102397243887
у́,26,7.775491650318197e-05
́р,8,2.392458969328676e-05
дг,27,8.074549021484281e-05
о́,21,6.280204794487775e-05
́г,2,5.98114742332169e-06
я́,5,1.4952868558304225e-05
́ч,3,8.971721134982535e-06
́н,19,5.6820900521556055e-05
Бу,26,7.775491650318197e-05
́б,7,2.0934015981625914e-05
́к,10,2.990573711660845e-05
е́,15,4.485860567491267e-05
́ц,6,1.794344226996507e-05
"ц,",100,0.0002990573711660845
йх,47,0.0001405569644480597
б.,16,4.784917938657352e-05
Ви,47,0.0001405569644480597
и́,27,8.074549021484281e-05
"
Г",32,9.569835877314705e-05
Га,52,0.00015550983300636394
́ш,7,2.0934015981625914e-05
лё,1,2.990573711660845e-06
ёц,1,2.990573711660845e-06
цк,71,0.00021233073352791999
Го,84,0.000251208191779511
а́,30,8.971721134982534e-05
рл,40,0.0001196229484664338
",?",1,2.990573711660845e-06
"?
",107,0.0003199913871477104
́в,3,8.971721134982535e-06
́т,12,3.588688453993014e-05
"́,",4,1.196229484664338e-05
Др,8,2.392458969328676e-05
До,45,0.00013457581702473802
Ду,22,6.57926216565386e-05
́л,10,2.990573711660845e-05
ш.,10,2.990573711660845e-05
дм,29,8.67266376381645e-05
Зн,17,5.083975309823437e-05
́х,10,2.990573711660845e-05
ющ,50,0.00014952868558304225
ея,125,0.00037382171395760564
"
Ж",5,1.4952868558304225e-05
Жи,17,5.083975309823437e-05
",ж",33,9.868893248480789e-05
Жу,1,2.990573711660845e-06
"
К",69,0.0002063495861045983
Кл,3,8.971721134982535e-06
́п,6,1.794344226996507e-05
ощ,59,0.00017644384898798986
Кн,4,1.196229484664338e-05
дп,56,0.00016747212785300731
Ко,90,0.00026915163404947603
бз,8,2.392458969328676e-05
мб,63,0.00018840614383463323
р.,46,0.00013756639073639887
йу,37,0.00011065122733145127
́й,7,2.0934015981625914e-05
"
Л",12,3.588688453993014e-05
Лы,2,5.98114742332169e-06
Лю,11,3.28963108282693e-05
ю́,2,5.98114742332169e-06
"
М",26,7.775491650318197e-05
Ма,28,8.373606392650366e-05
́с,6,1.794344226996507e-05
вя,119,0.00035587827168764055
Мо,44,0.0001315852433130772
яя,57,0.00017046270156466817
яж,99,0.00029606679745442367
нщ,20,5.98114742332169e-05
"
О",31,9.27077850614862e-05
Ос,22,6.57926216565386e-05
́д,2,5.98114742332169e-06
Оч,14,4.186803196325183e-05
пц,40,0.0001196229484664338
д.,24,7.177376907986028e-05
Пл,10,2.990573711660845e-05
хт,38,0.00011364180104311211
г.,14,4.186803196325183e-05
"
Р",6,1.794344226996507e-05
Св,26,7.775491650318197e-05
Си,17,5.083975309823437e-05
тё,1,2.990573711660845e-06
в.,40,0.0001196229484664338
См,25,7.476434279152113e-05
Со,77,0.00023027417579788508
вж,13,3.8877458251590985e-05
дф,2,5.98114742332169e-06
фл,6,1.794344226996507e-05
"
Т",79,0.00023625532322120676
Тр,8,2.392458969328676e-05
"
Х",13,3.8877458251590985e-05
Хл,9,2.6915163404947605e-05
Ху,5,1.4952868558304225e-05
"
Ц",3,8.971721134982535e-06
Ци,2,5.98114742332169e-06
Чу,96,0.0002870950763194411
вК,14,4.186803196325183e-05
Кр,23,6.878319536819944e-05
"
Ш",5,1.4952868558304225e-05
Ши,5,1.4952868558304225e-05
"
Ю",1,2.990573711660845e-06
Юш,1,2.990573711660845e-06
"
Я",5,1.4952868558304225e-05
Ят,11,3.28963108282693e-05
"а
",16,4.784917938657352e-05
"
I",21,6.280204794487775e-05
"I
",26,7.775491650318197e-05
"
M",1,2.990573711660845e-06
Me,1,2.990573711660845e-06
eн,1,2.990573711660845e-06
нi,9,2.6915163404947605e-05
iн,9,2.6915163404947605e-05
тi,7,2.0934015981625914e-05
iж,4,1.196229484664338e-05
Ой,3,8.971721134982535e-06
жм,22,6.57926216565386e-05
еi,1,2.990573711660845e-06
iз,4,1.196229484664338e-05
",
",29,8.67266376381645e-05
ць,27,8.074549021484281e-05
цю,25,7.476434279152113e-05
юю,8,2.392458969328676e-05
дi,3,8.971721134982535e-06
iв,8,2.392458969328676e-05
яю,18,5.383032680989521e-05
![,9,2.6915163404947605e-05
[2,11,3.28963108282693e-05
2],6,1.794344226996507e-05
"]
",19,5.6820900521556055e-05
"
И",39,0.00011663237475477295
Из,25,7.476434279152113e-05
"ы
",2,5.98114742332169e-06
нл,10,2.990573711660845e-05
еа,12,3.588688453993014e-05
сж,12,3.588688453993014e-05
юв,78,0.0002332647495095459
вв,97,0.00029008565003110196
ях,102,0.0003050385185894062
Вп,20,5.98114742332169e-05
о;,69,0.0002063495861045983
;в,58,0.000173453275276329
йг,98,0.0002930762237427628
тж,43,0.00012859466960141633
зр,58,0.000173453275276329
Ле,51,0.0001525192592947031
зц,6,1.794344226996507e-05
тз,41,0.00012261352217809464
эф,1,2.990573711660845e-06
яе,108,0.00032298196085937125
Се,22,6.57926216565386e-05
ш;,2,5.98114742332169e-06
–р,11,3.28963108282693e-05
х…,7,2.0934015981625914e-05
…к,8,2.392458969328676e-05
о!,145,0.0004336331881908225
"!
",213,0.00063699220058376
юр,46,0.00013756639073639887
йж,51,0.0001525192592947031
т…,18,5.383032680989521e-05
…в,6,1.794344226996507e-05
рс,71,0.00021233073352791999
аС,21,6.280204794487775e-05
хх,7,2.0934015981625914e-05
Су,11,3.28963108282693e-05
юч,46,0.00013756639073639887
.Г,67,0.0002003684386812766
ыг,96,0.0002870950763194411
ю;,30,8.971721134982534e-05
;м,13,3.8877458251590985e-05
тл,122,0.0003648499928226231
оц,47,0.0001405569644480597
хщ,2,5.98114742332169e-06
хш,15,4.485860567491267e-05
бт,24,7.177376907986028e-05
км,55,0.00016448155414134648
хе,41,0.00012261352217809464
уя,32,9.569835877314705e-05
Ря,3,8.971721134982535e-06
мш,22,6.57926216565386e-05
мм,78,0.0002332647495095459
иэ,36,0.00010766065361979042
ь;,53,0.0001585004067180248
;с,34,0.00010167950619646873
хц,11,3.28963108282693e-05
е;,70,0.00020934015981625916
о…,25,7.476434279152113e-05
…и,6,1.794344226996507e-05
!в,39,0.00011663237475477295
е!,135,0.00040372745107421405
дб,42,0.0001256040958897555
лэ,9,2.6915163404947605e-05
зл,93,0.0002781233551844586
рж,71,0.00021233073352791999
жж,11,3.28963108282693e-05
…н,16,4.784917938657352e-05
йш,35,0.00010467007990812958
кш,9,2.6915163404947605e-05
хм,38,0.00011364180104311211
мц,18,5.383032680989521e-05
ю-,11,3.28963108282693e-05
тч,103,0.00030802909230106705
Гл,28,8.373606392650366e-05
яП,6,1.794344226996507e-05
Пс,1,2.990573711660845e-06
ёл,1,2.990573711660845e-06
л;,13,3.8877458251590985e-05
Ск,34,0.00010167950619646873
зь,72,0.00021532130723958084
-з,17,5.083975309823437e-05
-к,21,6.280204794487775e-05
юг,27,8.074549021484281e-05
ыз,64,0.0001913967175462941
дш,36,0.00010766065361979042
цп,22,6.57926216565386e-05
щн,2,5.98114742332169e-06
бд,7,2.0934015981625914e-05
зъ,14,4.186803196325183e-05
кц,15,4.485860567491267e-05
ы–,12,3.588688453993014e-05
лж,98,0.0002930762237427628
гс,30,8.971721134982534e-05
Ай,8,2.392458969328676e-05
Ог,12,3.588688453993014e-05
"
–",763,0.002281807741997225
–С,75,0.0002242930283745634
з.,10,2.990573711660845e-05
.–,251,0.0007506340016268721
–Я,44,0.0001315852433130772
Яб,8,2.392458969328676e-05
Хо,32,9.569835877314705e-05
н;,14,4.186803196325183e-05
":
",42,0.0001256040958897555
–Ч,84,0.000251208191779511
бж,10,2.990573711660845e-05
г!,3,8.971721134982535e-06
–В,81,0.00024223647064452845
ьэ,22,6.57926216565386e-05
дх,25,7.476434279152113e-05
–Н,101,0.00030204794487774533
!п,24,7.177376907986028e-05
д!,12,3.588688453993014e-05
цн,16,4.784917938657352e-05
!Я,14,4.186803196325183e-05
!и,21,6.280204794487775e-05
цд,2,5.98114742332169e-06
!ч,18,5.383032680989521e-05
"…
",54,0.00016149098042968563
Ту,95,0.0002841045026077803
м:,20,5.98114742332169e-05
сх,73,0.00021831188095124167
.У,50,0.00014952868558304225
Уд,4,1.196229484664338e-05
ящ,39,0.00011663237475477295
м;,34,0.00010167950619646873
тъ,2,5.98114742332169e-06
лч,72,0.00021532130723958084
аэ,44,0.0001315852433130772
йя,18,5.383032680989521e-05
уЦ,1,2.990573711660845e-06
Цы,2,5.98114742332169e-06
II,25,7.476434279152113e-05
"
Щ",8,2.392458969328676e-05
Що,4,1.196229484664338e-05
мi,5,1.4952868558304225e-05
iй,7,2.0934015981625914e-05
"о
",2,5.98114742332169e-06
"
н",1,2.990573711660845e-06
цi,4,1.196229484664338e-05
i!,1,2.990573711660845e-06
"
р",1,2.990573711660845e-06
рi,6,1.794344226996507e-05
кi,2,5.98114742332169e-06
i…,1,2.990573711660845e-06
"
т",2,5.98114742332169e-06
що,7,2.0934015981625914e-05
чб,4,1.196229484664338e-05
iб,3,8.971721134982535e-06
лi,3,8.971721134982535e-06
"в
",2,5.98114742332169e-06
"
i",1,2.990573711660845e-06
ця,8,2.392458969328676e-05
"
y",1,2.990573711660845e-06
yc,1,2.990573711660845e-06
ci,2,5.98114742332169e-06
iє,1,2.990573711660845e-06
єп,1,2.990573711660845e-06
[3,11,3.28963108282693e-05
3],6,1.794344226996507e-05
Ва,57,0.00017046270156466817
хз,20,5.98114742332169e-05
мг,67,0.0002003684386812766
бх,5,1.4952868558304225e-05
т?,15,4.485860567491267e-05
?Ш,1,2.990573711660845e-06
Шу,6,1.794344226996507e-05
в–,6,1.794344226996507e-05
Ра,38,0.00011364180104311211
пш,17,5.083975309823437e-05
Ей,12,3.588688453993014e-05
:е,7,2.0934015981625914e-05
;к,33,9.868893248480789e-05
дд,21,6.280204794487775e-05
ю…,14,4.186803196325183e-05
.Ж,16,4.784917938657352e-05
:и,17,5.083975309823437e-05
–г,82,0.0002452270443561893
–я,16,4.784917938657352e-05
«М,3,8.971721134982535e-06
",э",45,0.00013457581702473802
ьх,31,9.27077850614862e-05
Са,16,4.784917938657352e-05
к…,10,2.990573711660845e-05
…а,1,2.990573711660845e-06
у»,3,8.971721134982535e-06
Му,6,1.794344226996507e-05
о«,5,1.4952868558304225e-05
«п,3,8.971721134982535e-06
а»,6,1.794344226996507e-05
.Э,46,0.00013756639073639887
иа,23,6.878319536819944e-05
Чи,6,1.794344226996507e-05
вi,10,2.990573711660845e-05
е?,39,0.00011663237475477295
аc,1,2.990573711660845e-06
cв,1,2.990573711660845e-06
iт,7,2.0934015981625914e-05
иє,1,2.990573711660845e-06
єс,2,5.98114742332169e-06
[4,11,3.28963108282693e-05
4],6,1.794344226996507e-05
",Э",2,5.98114742332169e-06
Эн,2,5.98114742332169e-06
–Т,67,0.0002003684386812766
?–,102,0.0003050385185894062
–Д,58,0.000173453275276329
;я,10,2.990573711660845e-05
дР,5,1.4952868558304225e-05
Ро,18,5.383032680989521e-05
–К,72,0.00021532130723958084
ь?,51,0.0001525192592947031
?П,18,5.383032680989521e-05
«Д,12,3.588688453993014e-05
–а,8,2.392458969328676e-05
вщ,9,2.6915163404947605e-05
тг,55,0.00016448155414134648
лл,27,8.074549021484281e-05
!З,13,3.8877458251590985e-05
н-,5,1.4952868558304225e-05
ю?,17,5.083975309823437e-05
?(,1,2.990573711660845e-06
(Т,2,5.98114742332169e-06
.),30,8.971721134982534e-05
)В,2,5.98114742332169e-06
Вт,12,3.588688453993014e-05
Вч,5,1.4952868558304225e-05
жэ,5,1.4952868558304225e-05
–Э,46,0.00013756639073639887
Эг,6,1.794344226996507e-05
-г,21,6.280204794487775e-05
!д,27,8.074549021484281e-05
Ая,9,2.6915163404947605e-05
юХ,1,2.990573711660845e-06
Хв,1,2.990573711660845e-06
:б,12,3.588688453993014e-05
л.,66,0.00019737786496961578
Ты,48,0.00014354753815972056
–М,30,8.971721134982534e-05
–Е,17,5.083975309823437e-05
Ес,33,9.868893248480789e-05
:т,30,8.971721134982534e-05
тС,1,2.990573711660845e-06
йЧ,6,1.794344226996507e-05
",С",21,6.280204794487775e-05
–А,68,0.00020335901239293747
ь-,12,3.588688453993014e-05
жв,8,2.392458969328676e-05
–Ж,4,1.196229484664338e-05
Жа,5,1.4952868558304225e-05
ьГ,3,8.971721134982535e-06
Ат,18,5.383032680989521e-05
оО,5,1.4952868558304225e-05
Ох,4,1.196229484664338e-05
н?,9,2.6915163404947605e-05
ж?,7,2.0934015981625914e-05
?Р,4,1.196229484664338e-05
шГ,1,2.990573711660845e-06
",П",15,4.485860567491267e-05
лЧ,20,5.98114742332169e-05
–м,15,4.485860567491267e-05
…ч,4,1.196229484664338e-05
?А,7,2.0934015981625914e-05
Ан,12,3.588688453993014e-05
юу,10,2.990573711660845e-05
йф,3,8.971721134982535e-06
",[",12,3.588688453993014e-05
[5,11,3.28963108282693e-05
5],6,1.794344226996507e-05
]б,4,1.196229484664338e-05
!з,14,4.186803196325183e-05
ю!,45,0.00013457581702473802
рщ,15,4.485860567491267e-05
?К,13,3.8877458251590985e-05
нм,19,5.6820900521556055e-05
"И,",16,4.784917938657352e-05
шп,20,5.98114742332169e-05
зГ,3,8.971721134982535e-06
иМ,1,2.990573711660845e-06
юл,77,0.00023027417579788508
йщ,1,2.990573711660845e-06
IV,5,1.4952868558304225e-05
"V
",10,2.990573711660845e-05
iк,2,5.98114742332169e-06
еє,2,5.98114742332169e-06
"є,",2,5.98114742332169e-06
жi,3,8.971721134982535e-06
"i,",5,1.4952868558304225e-05
и…,29,8.67266376381645e-05
…[,2,5.98114742332169e-06
[6,1,2.990573711660845e-06
6],6,1.794344226996507e-05
"й
",1,2.990573711660845e-06
!а,12,3.588688453993014e-05
!т,16,4.784917938657352e-05
!Г,17,5.083975309823437e-05
Гд,14,4.186803196325183e-05
жт,13,3.8877458251590985e-05
?Т,9,2.6915163404947605e-05
;х,2,5.98114742332169e-06
шд,1,2.990573711660845e-06
"Э,",11,3.28963108282693e-05
.Ч,66,0.00019737786496961578
к:,10,2.990573711660845e-05
Бь,2,5.98114742332169e-06
:я,11,3.28963108282693e-05
",Х",5,1.4952868558304225e-05
Хи,12,3.588688453993014e-05
;ч,19,5.6820900521556055e-05
мж,30,8.971721134982534e-05
ц?,4,1.196229484664338e-05
Э!,3,8.971721134982535e-06
Ах,10,2.990573711660845e-05
!с,25,7.476434279152113e-05
;е,16,4.784917938657352e-05
;п,47,0.0001405569644480597
кя,12,3.588688453993014e-05
Ач,20,5.98114742332169e-05
?В,26,7.775491650318197e-05
тЧ,5,1.4952868558304225e-05
шз,1,2.990573711660845e-06
вц,18,5.383032680989521e-05
«Т,11,3.28963108282693e-05
!В,46,0.00013756639073639887
–П,102,0.0003050385185894062
"»
",28,8.373606392650366e-05
"
V",11,3.28963108282693e-05
Ще,6,1.794344226996507e-05
";
",7,2.0934015981625914e-05
[7,1,2.990573711660845e-06
7],6,1.794344226996507e-05
Ус,5,1.4952868558304225e-05
м-,27,8.074549021484281e-05
-р,3,8.971721134982535e-06
цг,3,8.971721134982535e-06
;з,15,4.485860567491267e-05
еф,5,1.4952868558304225e-05
;г,20,5.98114742332169e-05
–О,40,0.0001196229484664338
",Г",13,3.8877458251590985e-05
Те,54,0.00016149098042968563
ёв,1,2.990573711660845e-06
бм,29,8.67266376381645e-05
Ть,2,5.98114742332169e-06
ьф,3,8.971721134982535e-06
фу,4,1.196229484664338e-05
Уж,33,9.868893248480789e-05
у?,27,8.074549021484281e-05
-м,3,8.971721134982535e-06
аЧ,3,8.971721134982535e-06
д…,2,5.98114742332169e-06
ыя,17,5.083975309823437e-05
лц,6,1.794344226996507e-05
Ас,5,1.4952868558304225e-05
мЧ,5,1.4952868558304225e-05
Вн,5,1.4952868558304225e-05
оГ,6,1.794344226996507e-05
хч,10,2.990573711660845e-05
е–,15,4.485860567491267e-05
;б,14,4.186803196325183e-05
шм,11,3.28963108282693e-05
–З,18,5.383032680989521e-05
?л,1,2.990573711660845e-06
:з,4,1.196229484664338e-05
у–,16,4.784917938657352e-05
–Л,11,3.28963108282693e-05
VI,8,2.392458969328676e-05
бi,7,2.0934015981625914e-05
iд,6,1.794344226996507e-05
",Р",1,2.990573711660845e-06
"р
",2,5.98114742332169e-06
"
я",1,2.990573711660845e-06
хi,1,2.990573711660845e-06
еХ,2,5.98114742332169e-06
"з
",1,2.990573711660845e-06
"
л",1,2.990573711660845e-06
[8,1,2.990573711660845e-06
8],6,1.794344226996507e-05
Сю,2,5.98114742332169e-06
",А",6,1.794344226996507e-05
Аф,9,2.6915163404947605e-05
фа,14,4.186803196325183e-05
йИ,9,2.6915163404947605e-05
ч!,22,6.57926216565386e-05
:д,14,4.186803196325183e-05
яХ,4,1.196229484664338e-05
Тс,2,5.98114742332169e-06
с!,9,2.6915163404947605e-05
!н,39,0.00011663237475477295
Ха,9,2.6915163404947605e-05
яН,5,1.4952868558304225e-05
иф,11,3.28963108282693e-05
фо,15,4.485860567491267e-05
?Я,10,2.990573711660845e-05
Яс,13,3.8877458251590985e-05
-о,5,1.4952868558304225e-05
–Б,26,7.775491650318197e-05
оЕ,1,2.990573711660845e-06
Ев,3,8.971721134982535e-06
–Р,8,2.392458969328676e-05
–ш,9,2.6915163404947605e-05
юо,29,8.67266376381645e-05
гз,27,8.074549021484281e-05
аХ,8,2.392458969328676e-05
.Х,17,5.083975309823437e-05
!м,9,2.6915163404947605e-05
с…,4,1.196229484664338e-05
…Г,3,8.971721134982535e-06
цс,18,5.383032680989521e-05
Оп,10,2.990573711660845e-05
сi,1,2.990573711660845e-06
iя,1,2.990573711660845e-06
[9,1,2.990573711660845e-06
9],6,1.794344226996507e-05
Кэ,1,2.990573711660845e-06
гк,28,8.373606392650366e-05
чл,5,1.4952868558304225e-05
Кч,1,2.990573711660845e-06
иЧ,4,1.196229484664338e-05
уХ,1,2.990573711660845e-06
лх,17,5.083975309823437e-05
оЧ,7,2.0934015981625914e-05
юй,2,5.98114742332169e-06
!Х,6,1.794344226996507e-05
юж,26,7.775491650318197e-05
ю:,23,6.878319536819944e-05
гп,26,7.775491650318197e-05
Я?,1,2.990573711660845e-06
–щ,2,5.98114742332169e-06
сц,10,2.990573711660845e-05
еЦ,1,2.990573711660845e-06
к–,8,2.392458969328676e-05
йе,21,6.280204794487775e-05
!о,16,4.784917938657352e-05
м(,2,5.98114742332169e-06
(п,1,2.990573711660845e-06
ж!,9,2.6915163404947605e-05
л:,18,5.383032680989521e-05
?в,10,2.990573711660845e-05
зх,12,3.588688453993014e-05
жь,26,7.775491650318197e-05
?Д,6,1.794344226996507e-05
Уг,4,1.196229484664338e-05
к?,21,6.280204794487775e-05
Кт,30,8.971721134982534e-05
?Г,2,5.98114742332169e-06
Гу,10,2.990573711660845e-05
л–,5,1.4952868558304225e-05
.Ш,6,1.794344226996507e-05
«С,15,4.485860567491267e-05
д:,5,1.4952868558304225e-05
»Ж,1,2.990573711660845e-06
?у,2,5.98114742332169e-06
!я,7,2.0934015981625914e-05
-ж,2,5.98114742332169e-06
тш,7,2.0934015981625914e-05
…г,4,1.196229484664338e-05
…П,8,2.392458969328676e-05
еЧ,5,1.4952868558304225e-05
л?,13,3.8877458251590985e-05
!б,12,3.588688453993014e-05
"
Э",4,1.196229484664338e-05
р;,7,2.0934015981625914e-05
;о,35,0.00010467007990812958
жс,8,2.392458969328676e-05
кх,22,6.57926216565386e-05
д–,4,1.196229484664338e-05
…Т,8,2.392458969328676e-05
юя,14,4.186803196325183e-05
!«,5,1.4952868558304225e-05
»П,5,1.4952868558304225e-05
зш,10,2.990573711660845e-05
»С,2,5.98114742332169e-06
Сх,4,1.196229484664338e-05
юх,42,0.0001256040958897555
Ок,42,0.0001256040958897555
"
…",1,2.990573711660845e-06
Пi,2,5.98114742332169e-06
дж,12,3.588688453993014e-05
вx,1,2.990573711660845e-06
xв,1,2.990573711660845e-06
ic,1,2.990573711660845e-06
cт,1,2.990573711660845e-06
Iз,1,2.990573711660845e-06
10,2,5.98114742332169e-06
0],5,1.4952868558304225e-05
;р,11,3.28963108282693e-05
Вы,42,0.0001256040958897555
чс,18,5.383032680989521e-05
Сп,15,4.485860567491267e-05
АЧ,1,2.990573711660845e-06
я…,18,5.383032680989521e-05
«Ч,11,3.28963108282693e-05
цт,9,2.6915163404947605e-05
IX,2,5.98114742332169e-06
"X
",2,5.98114742332169e-06
уi,1,2.990573711660845e-06
",i",1,2.990573711660845e-06
"
А",7,2.0934015981625914e-05
Аз,2,5.98114742332169e-06
11,2,5.98114742332169e-06
",В",11,3.28963108282693e-05
Вл,6,1.794344226996507e-05
и-,2,5.98114742332169e-06
с?,3,8.971721134982535e-06
бщ,10,2.990573711660845e-05
уц,8,2.392458969328676e-05
яэ,24,7.177376907986028e-05
Ув,6,1.794344226996507e-05
н:,7,2.0934015981625914e-05
"Х
",2,5.98114742332169e-06
Цу,2,5.98114742332169e-06
iе,1,2.990573711660845e-06
12,2,5.98114742332169e-06
яС,6,1.794344226996507e-05
Яр,3,8.971721134982535e-06
Ов,3,8.971721134982535e-06
Зе,10,2.990573711660845e-05
лщ,8,2.392458969328676e-05
Вр,6,1.794344226996507e-05
гм,11,3.28963108282693e-05
:п,34,0.00010167950619646873
лС,2,5.98114742332169e-06
:э,2,5.98114742332169e-06
бш,5,1.4952868558304225e-05
–ч,20,5.98114742332169e-05
тф,2,5.98114742332169e-06
фс,1,2.990573711660845e-06
ы:,12,3.588688453993014e-05
Ре,3,8.971721134982535e-06
й–,16,4.784917938657352e-05
"
X",9,2.6915163404947605e-05
XI,7,2.0934015981625914e-05
оє,2,5.98114742332169e-06
єж,1,2.990573711660845e-06
13,2,5.98114742332169e-06
!л,2,5.98114742332169e-06
дю,13,3.8877458251590985e-05
Вя,4,1.196229484664338e-05
!э,16,4.784917938657352e-05
–Г,30,8.971721134982534e-05
нж,9,2.6915163404947605e-05
уу,21,6.280204794487775e-05
",Ч",8,2.392458969328676e-05
хэ,11,3.28963108282693e-05
Иг,6,1.794344226996507e-05
пт,40,0.0001196229484664338
ує,1,2.990573711660845e-06
єт,2,5.98114742332169e-06
.—,1,2.990573711660845e-06
"—
",1,2.990573711660845e-06
ає,2,5.98114742332169e-06
гi,1,2.990573711660845e-06
ip,1,2.990573711660845e-06
pк,1,2.990573711660845e-06
иx,1,2.990573711660845e-06
xс,1,2.990573711660845e-06
14,2,5.98114742332169e-06
Ар,2,5.98114742332169e-06
-Г,1,2.990573711660845e-06
–И,37,0.00011065122733145127
й?,12,3.588688453993014e-05
яГ,21,6.280204794487775e-05
А!,11,3.28963108282693e-05
кГ,2,5.98114742332169e-06
-Б,1,2.990573711660845e-06
ыц,8,2.392458969328676e-05
:г,10,2.990573711660845e-05
пщ,3,8.971721134982535e-06
!р,5,1.4952868558304225e-05
Тв,5,1.4952868558304225e-05
iч,2,5.98114742332169e-06
вo,1,2.990573711660845e-06
oп,1,2.990573711660845e-06
пп,5,1.4952868558304225e-05
пi,2,5.98114742332169e-06
Бр,9,2.6915163404947605e-05
пв,3,8.971721134982535e-06
15,6,1.794344226996507e-05
ьП,5,1.4952868558304225e-05
мч,42,0.0001256040958897555
?е,1,2.990573711660845e-06
;э,3,8.971721134982535e-06
?У,3,8.971721134982535e-06
Уп,2,5.98114742332169e-06
нх,11,3.28963108282693e-05
!к,23,6.878319536819944e-05
:П,1,2.990573711660845e-06
.п,1,2.990573711660845e-06
…д,3,8.971721134982535e-06
к-,21,6.280204794487775e-05
ю»,2,5.98114742332169e-06
цл,2,5.98114742332169e-06
16,8,2.392458969328676e-05
–ж,4,1.196229484664338e-05
тх,18,5.383032680989521e-05
:ж,6,1.794344226996507e-05
еП,6,1.794344226996507e-05
гв,25,7.476434279152113e-05
аП,15,4.485860567491267e-05
гх,1,2.990573711660845e-06
хж,14,4.186803196325183e-05
Бе,18,5.383032680989521e-05
мэ,10,2.990573711660845e-05
эх,2,5.98114742332169e-06
йю,3,8.971721134982535e-06
нз,36,0.00010766065361979042
х?,8,2.392458969328676e-05
?С,12,3.588688453993014e-05
еИ,6,1.794344226996507e-05
аК,46,0.00013756639073639887
м*,3,8.971721134982535e-06
**,36,0.00010766065361979042
*с,3,8.971721134982535e-06
юГ,1,2.990573711660845e-06
х–,3,8.971721134982535e-06
хя,3,8.971721134982535e-06
зэ,3,8.971721134982535e-06
зП,4,1.196229484664338e-05
чв,8,2.392458969328676e-05
чг,1,2.990573711660845e-06
"Я,",4,1.196229484664338e-05
ч?,3,8.971721134982535e-06
:р,6,1.794344226996507e-05
?Щ,1,2.990573711660845e-06
т-,15,4.485860567491267e-05
Мы,11,3.28963108282693e-05
й(,1,2.990573711660845e-06
(ц,1,2.990573711660845e-06
!),1,2.990573711660845e-06
)у,1,2.990573711660845e-06
–ц,3,8.971721134982535e-06
17,2,5.98114742332169e-06
]д,2,5.98114742332169e-06
ю–,7,2.0934015981625914e-05
жц,37,0.00011065122733145127
18,2,5.98114742332169e-06
]П,1,2.990573711660845e-06
а[,2,5.98114742332169e-06
19,2,5.98114742332169e-06
]и,6,1.794344226996507e-05
иС,5,1.4952868558304225e-05
о[,3,8.971721134982535e-06
20,3,8.971721134982535e-06
]н,3,8.971721134982535e-06
Ич,7,2.0934015981625914e-05
Им,6,1.794344226996507e-05
Эд,2,5.98114742332169e-06
?н,9,2.6915163404947605e-05
е[,1,2.990573711660845e-06
21,3,8.971721134982535e-06
:х,8,2.392458969328676e-05
!Б,13,3.8877458251590985e-05
Вэ,11,3.28963108282693e-05
тД,5,1.4952868558304225e-05
в:,6,1.794344226996507e-05
йО,2,5.98114742332169e-06
лБ,10,2.990573711660845e-05
сэ,4,1.196229484664338e-05
цА,3,8.971721134982535e-06
оБ,10,2.990573711660845e-05
»Ч,4,1.196229484664338e-05
?О,7,2.0934015981625914e-05
сБ,1,2.990573711660845e-06
Хр,8,2.392458969328676e-05
мК,3,8.971721134982535e-06
иП,7,2.0934015981625914e-05
мБ,4,1.196229484664338e-05
уП,8,2.392458969328676e-05
аЗ,3,8.971721134982535e-06
сщ,2,5.98114742332169e-06
Иэ,1,2.990573711660845e-06
:у,9,2.6915163404947605e-05
оК,11,3.28963108282693e-05
н(,1,2.990573711660845e-06
(т,5,1.4952868558304225e-05
и),2,5.98114742332169e-06
иГ,3,8.971721134982535e-06
…с,4,1.196229484664338e-05
ыК,1,2.990573711660845e-06
з–,3,8.971721134982535e-06
лК,5,1.4952868558304225e-05
Ем,12,3.588688453993014e-05
мф,2,5.98114742332169e-06
и[,2,5.98114742332169e-06
22,2,5.98114742332169e-06
тП,2,5.98114742332169e-06
",И",19,5.6820900521556055e-05
Тя,4,1.196229484664338e-05
«Е,1,2.990573711660845e-06
яТ,1,2.990573711660845e-06
йК,8,2.392458969328676e-05
Вз,10,2.990573711660845e-05
в;,9,2.6915163404947605e-05
кК,8,2.392458969328676e-05
",Т",2,5.98114742332169e-06
иИ,11,3.28963108282693e-05
«И,4,1.196229484664338e-05
кП,4,1.196229484664338e-05
:л,1,2.990573711660845e-06
Ир,3,8.971721134982535e-06
ц–,2,5.98114742332169e-06
лП,14,4.186803196325183e-05
иТ,2,5.98114742332169e-06
юе,15,4.485860567491267e-05
?к,4,1.196229484664338e-05
",Б",7,2.0934015981625914e-05
Ки,26,7.775491650318197e-05
:Б,1,2.990573711660845e-06
!у,8,2.392458969328676e-05
«З,7,2.0934015981625914e-05
«Г,5,1.4952868558304225e-05
Ге,7,2.0934015981625914e-05
к»,3,8.971721134982535e-06
Дь,5,1.4952868558304225e-05
»Х,2,5.98114742332169e-06
аИ,11,3.28963108282693e-05
Яд,13,3.8877458251590985e-05
Эк,10,2.990573711660845e-05
Ио,5,1.4952868558304225e-05
Сс,4,1.196229484664338e-05
йМ,4,1.196229484664338e-05
иБ,5,1.4952868558304225e-05
?М,3,8.971721134982535e-06
ь…,22,6.57926216565386e-05
ы?,14,4.186803196325183e-05
?Н,16,4.784917938657352e-05
?д,4,1.196229484664338e-05
з-,15,4.485860567491267e-05
ц.,37,0.00011065122733145127
Ух,7,2.0934015981625914e-05
…Л,2,5.98114742332169e-06
Ис,13,3.8877458251590985e-05
Зд,11,3.28963108282693e-05
аБ,4,1.196229484664338e-05
"п,",19,5.6820900521556055e-05
иК,22,6.57926216565386e-05
ь»,6,1.794344226996507e-05
з…,2,5.98114742332169e-06
пз,3,8.971721134982535e-06
лИ,17,5.083975309823437e-05
…К,6,1.794344226996507e-05
жо,26,7.775491650318197e-05
…у,3,8.971721134982535e-06
…В,11,3.28963108282693e-05
т:,17,5.083975309823437e-05
юц,5,1.4952868558304225e-05
Ся,2,5.98114742332169e-06
фь,1,2.990573711660845e-06
Сб,4,1.196229484664338e-05
!У,6,1.794344226996507e-05
ы…,8,2.392458969328676e-05
…Б,6,1.794344226996507e-05
р…,2,5.98114742332169e-06
…А,6,1.794344226996507e-05
г…,3,8.971721134982535e-06
…п,4,1.196229484664338e-05
е…,20,5.98114742332169e-05
…Ш,1,2.990573711660845e-06
«О,7,2.0934015981625914e-05
»Г,1,2.990573711660845e-06
;ж,3,8.971721134982535e-06
23,2,5.98114742332169e-06
]–,1,2.990573711660845e-06
…Ч,5,1.4952868558304225e-05
?Ж,2,5.98114742332169e-06
еК,4,1.196229484664338e-05
-п,12,3.588688453993014e-05
Вд,17,5.083975309823437e-05
«В,11,3.28963108282693e-05
жл,2,5.98114742332169e-06
зК,1,2.990573711660845e-06
еБ,4,1.196229484664338e-05
Уз,3,8.971721134982535e-06
уБ,2,5.98114742332169e-06
…С,7,2.0934015981625914e-05
Ид,9,2.6915163404947605e-05
цм,13,3.8877458251590985e-05
ы[,1,2.990573711660845e-06
24,2,5.98114742332169e-06
]с,2,5.98114742332169e-06
гй,1,2.990573711660845e-06
є!,1,2.990573711660845e-06
iл,3,8.971721134982535e-06
цц,2,5.98114742332169e-06
25,2,5.98114742332169e-06
Зв,3,8.971721134982535e-06
а*,1,2.990573711660845e-06
*.,1,2.990573711660845e-06
кЛ,3,8.971721134982535e-06
Чь,3,8.971721134982535e-06
чi,1,2.990573711660845e-06
iр,2,5.98114742332169e-06
Нe,1,2.990573711660845e-06
eб,1,2.990573711660845e-06
–У,11,3.28963108282693e-05
…Я,7,2.0934015981625914e-05
"О,",12,3.588688453993014e-05
Яп,16,4.784917938657352e-05
Ом,7,2.0934015981625914e-05
",Л",8,2.392458969328676e-05
ж–,1,2.990573711660845e-06
«г,1,2.990573711660845e-06
л»,4,1.196229484664338e-05
Яз,7,2.0934015981625914e-05
юэ,3,8.971721134982535e-06
ыБ,1,2.990573711660845e-06
…У,2,5.98114742332169e-06
;у,17,5.083975309823437e-05
Ее,2,5.98114742332169e-06
;л,5,1.4952868558304225e-05
кщ,1,2.990573711660845e-06
…Р,3,8.971721134982535e-06
-с,22,6.57926216565386e-05
;ш,3,8.971721134982535e-06
гб,9,2.6915163404947605e-05
.Ц,2,5.98114742332169e-06
Це,1,2.990573711660845e-06
яБ,6,1.794344226996507e-05
г;,5,1.4952868558304225e-05
»И,10,2.990573711660845e-05
…–,12,3.588688453993014e-05
яЛ,3,8.971721134982535e-06
Сэ,2,5.98114742332169e-06
!Р,5,1.4952868558304225e-05
Ие,4,1.196229484664338e-05
бэ,20,5.98114742332169e-05
Ип,7,2.0934015981625914e-05
-д,4,1.196229484664338e-05
Ти,10,2.990573711660845e-05
Сы,3,8.971721134982535e-06
цз,5,1.4952868558304225e-05
Бл,10,2.990573711660845e-05
!г,13,3.8877458251590985e-05
п!,6,1.794344226996507e-05
"!,",1,2.990573711660845e-06
26,2,5.98114742332169e-06
]ч,1,2.990573711660845e-06
",К",22,6.57926216565386e-05
?с,4,1.196229484664338e-05
.э,2,5.98114742332169e-06
сК,1,2.990573711660845e-06
Ад,6,1.794344226996507e-05
Ик,8,2.392458969328676e-05
тК,9,2.6915163404947605e-05
-ч,4,1.196229484664338e-05
27,2,5.98114742332169e-06
]К,2,5.98114742332169e-06
;[,3,8.971721134982535e-06
28,2,5.98114742332169e-06
Вм,6,1.794344226996507e-05
аЕ,2,5.98114742332169e-06
Ек,3,8.971721134982535e-06
;ц,1,2.990573711660845e-06
тщ,3,8.971721134982535e-06
Иб,4,1.196229484664338e-05
лЛ,11,3.28963108282693e-05
Ср,3,8.971721134982535e-06
дЛ,2,5.98114742332169e-06
?Л,2,5.98114742332169e-06
б…,1,2.990573711660845e-06
–Х,6,1.794344226996507e-05
б!,2,5.98114742332169e-06
у(,1,2.990573711660845e-06
л),1,2.990573711660845e-06
).,20,5.98114742332169e-05
ьЛ,1,2.990573711660845e-06
еЛ,2,5.98114742332169e-06
иЛ,3,8.971721134982535e-06
;Г,1,2.990573711660845e-06
Уб,2,5.98114742332169e-06
мГ,4,1.196229484664338e-05
Яу,4,1.196229484664338e-05
дъ,8,2.392458969328676e-05
Ау,4,1.196229484664338e-05
"т
",1,2.990573711660845e-06
29,2,5.98114742332169e-06
Об,8,2.392458969328676e-05
юа,3,8.971721134982535e-06
сф,5,1.4952868558304225e-05
Ор,1,2.990573711660845e-06
цр,5,1.4952868558304225e-05
йБ,10,2.990573711660845e-05
30,2,5.98114742332169e-06
хР,1,2.990573711660845e-06
н!,26,7.775491650318197e-05
Яг,5,1.4952868558304225e-05
йэ,5,1.4952868558304225e-05
Дн,32,9.569835877314705e-05
Ук,5,1.4952868558304225e-05
Вг,4,1.196229484664338e-05
"у
",2,5.98114742332169e-06
Жм,1,2.990573711660845e-06
рз,14,4.186803196325183e-05
Сн,9,2.6915163404947605e-05
»О,1,2.990573711660845e-06
жп,3,8.971721134982535e-06
.(,9,2.6915163404947605e-05
(В,1,2.990573711660845e-06
х-,2,5.98114742332169e-06
–Ш,3,8.971721134982535e-06
Ше,3,8.971721134982535e-06
?м,3,8.971721134982535e-06
…э,3,8.971721134982535e-06
у[,2,5.98114742332169e-06
31,2,5.98114742332169e-06
]т,3,8.971721134982535e-06
уЛ,1,2.990573711660845e-06
О!,6,1.794344226996507e-05
–э,11,3.28963108282693e-05
«о,2,5.98114742332169e-06
»г,1,2.990573711660845e-06
л…,6,1.794344226996507e-05
х:,5,1.4952868558304225e-05
!ж,1,2.990573711660845e-06
сГ,6,1.794344226996507e-05
я»,5,1.4952868558304225e-05
ж.,3,8.971721134982535e-06
Ут,6,1.794344226996507e-05
Ша,3,8.971721134982535e-06
эд,3,8.971721134982535e-06
:м,5,1.4952868558304225e-05
iс,4,1.196229484664338e-05
Iт,1,2.990573711660845e-06
"
O",1,2.990573711660845e-06
Oй,1,2.990573711660845e-06
р’,1,2.990573711660845e-06
’п,1,2.990573711660845e-06
32,2,5.98114742332169e-06
Дл,7,2.0934015981625914e-05
Ум,5,1.4952868558304225e-05
ч.,17,5.083975309823437e-05
г:,2,5.98114742332169e-06
жр,3,8.971721134982535e-06
тЛ,1,2.990573711660845e-06
уэ,6,1.794344226996507e-05
д;,5,1.4952868558304225e-05
Аэ,3,8.971721134982535e-06
?ч,6,1.794344226996507e-05
р?,3,8.971721134982535e-06
",Е",2,5.98114742332169e-06
уМ,2,5.98114742332169e-06
…»,9,2.6915163404947605e-05
жз,2,5.98114742332169e-06
аМ,2,5.98114742332169e-06
ч-,1,2.990573711660845e-06
-Д,1,2.990573711660845e-06
й»,1,2.990573711660845e-06
Яо,1,2.990573711660845e-06
нэ,4,1.196229484664338e-05
А?,3,8.971721134982535e-06
…з,2,5.98114742332169e-06
уа,2,5.98114742332169e-06
;щ,1,2.990573711660845e-06
еВ,5,1.4952868558304225e-05
«Ф,1,2.990573711660845e-06
пс,2,5.98114742332169e-06
Ца,2,5.98114742332169e-06
жб,13,3.8877458251590985e-05
33,2,5.98114742332169e-06
]Т,1,2.990573711660845e-06
н[,1,2.990573711660845e-06
34,2,5.98114742332169e-06
]-,2,5.98114742332169e-06
",М",4,1.196229484664338e-05
еМ,2,5.98114742332169e-06
еГ,6,1.794344226996507e-05
чм,7,2.0934015981625914e-05
цх,2,5.98114742332169e-06
Эй,8,2.392458969328676e-05
эй,2,5.98114742332169e-06
й[,1,2.990573711660845e-06
35,2,5.98114742332169e-06
н–,6,1.794344226996507e-05
:а,3,8.971721134982535e-06
т»,3,8.971721134982535e-06
с:,6,1.794344226996507e-05
г–,1,2.990573711660845e-06
«У,2,5.98114742332169e-06
…(,2,5.98114742332169e-06
(д,1,2.990573711660845e-06
ь),2,5.98114742332169e-06
36,2,5.98114742332169e-06
]»,1,2.990573711660845e-06
Пы,2,5.98114742332169e-06
в»,1,2.990573711660845e-06
Ед,4,1.196229484664338e-05
?Е,6,1.794344226996507e-05
Сд,6,1.794344226996507e-05
ьё,1,2.990573711660845e-06
ёп,1,2.990573711660845e-06
Вк,2,5.98114742332169e-06
Э-,2,5.98114742332169e-06
-э,1,2.990573711660845e-06
"э,",1,2.990573711660845e-06
»В,2,5.98114742332169e-06
?а,2,5.98114742332169e-06
з!,2,5.98114742332169e-06
Ды,2,5.98114742332169e-06
»[,1,2.990573711660845e-06
37,2,5.98114742332169e-06
о»,7,2.0934015981625914e-05
38,3,8.971721134982535e-06
]к,2,5.98114742332169e-06
еФ,2,5.98114742332169e-06
и(,5,1.4952868558304225e-05
цХ,1,2.990573711660845e-06
е),2,5.98114742332169e-06
:З,1,2.990573711660845e-06
рК,1,2.990573711660845e-06
чЧ,1,2.990573711660845e-06
нИ,16,4.784917938657352e-05
чК,2,5.98114742332169e-06
сИ,3,8.971721134982535e-06
чС,2,5.98114742332169e-06
ьХ,2,5.98114742332169e-06
чХ,1,2.990573711660845e-06
н…,2,5.98114742332169e-06
п…,1,2.990573711660845e-06
ьМ,2,5.98114742332169e-06
е(,3,8.971721134982535e-06
(о,2,5.98114742332169e-06
а),3,8.971721134982535e-06
»Н,1,2.990573711660845e-06
рН,1,2.990573711660845e-06
рФ,1,2.990573711660845e-06
ч;,1,2.990573711660845e-06
Вц,1,2.990573711660845e-06
еР,2,5.98114742332169e-06
п.,7,2.0934015981625914e-05
́щ,1,2.990573711660845e-06
ы́,1,2.990573711660845e-06
Шв,1,2.990573711660845e-06
Зи,1,2.990573711660845e-06
39,2,5.98114742332169e-06
]М,1,2.990573711660845e-06
пм,1,2.990573711660845e-06
"
Е",7,2.0934015981625914e-05
мщ,2,5.98114742332169e-06
ц:,4,1.196229484664338e-05
:[,1,2.990573711660845e-06
40,2,5.98114742332169e-06
]у,2,5.98114742332169e-06
гш,2,5.98114742332169e-06
ВД,1,2.990573711660845e-06
кЧ,8,2.392458969328676e-05
чд,2,5.98114742332169e-06
кС,6,1.794344226996507e-05
фр,10,2.990573711660845e-05
Л…,1,2.990573711660845e-06
"щ,",1,2.990573711660845e-06
цб,6,1.794344226996507e-05
вТ,2,5.98114742332169e-06
Т…,1,2.990573711660845e-06
…ц,1,2.990573711660845e-06
аЛ,2,5.98114742332169e-06
Лу,2,5.98114742332169e-06
ьС,8,2.392458969328676e-05
дэ,3,8.971721134982535e-06
ьЧ,2,5.98114742332169e-06
кф,1,2.990573711660845e-06
тФ,1,2.990573711660845e-06
ьЗ,1,2.990573711660845e-06
Зо,1,2.990573711660845e-06
зН,1,2.990573711660845e-06
л-,2,5.98114742332169e-06
уД,8,2.392458969328676e-05
Лг,1,2.990573711660845e-06
«Р,1,2.990573711660845e-06
?и,4,1.196229484664338e-05
:–,1,2.990573711660845e-06
Сч,2,5.98114742332169e-06
ьО,1,2.990573711660845e-06
в?,4,1.196229484664338e-05
Же,4,1.196229484664338e-05
аО,12,3.588688453993014e-05
яО,5,1.4952868558304225e-05
?т,5,1.4952868558304225e-05
цВ,2,5.98114742332169e-06
юО,1,2.990573711660845e-06
",О",13,3.8877458251590985e-05
аВ,7,2.0934015981625914e-05
в(,2,5.98114742332169e-06
(к,3,8.971721134982535e-06
ы),1,2.990573711660845e-06
кО,1,2.990573711660845e-06
пН,3,8.971721134982535e-06
ч(,1,2.990573711660845e-06
нС,2,5.98114742332169e-06
оС,9,2.6915163404947605e-05
бб,4,1.196229484664338e-05
уЧ,3,8.971721134982535e-06
хТ,1,2.990573711660845e-06
шК,1,2.990573711660845e-06
оВ,6,1.794344226996507e-05
Вв,3,8.971721134982535e-06
41,2,5.98114742332169e-06
оЛ,1,2.990573711660845e-06
жЛ,1,2.990573711660845e-06
!х,9,2.6915163404947605e-05
.т,1,2.990573711660845e-06
лВ,6,1.794344226996507e-05
вЧ,3,8.971721134982535e-06
сЧ,3,8.971721134982535e-06
!Ж,1,2.990573711660845e-06
Гм,7,2.0934015981625914e-05
…о,2,5.98114742332169e-06
сС,1,2.990573711660845e-06
уС,5,1.4952868558304225e-05
иО,1,2.990573711660845e-06
зО,1,2.990573711660845e-06
цш,2,5.98114742332169e-06
:ц,1,2.990573711660845e-06
…т,4,1.196229484664338e-05
.м,1,2.990573711660845e-06
юС,1,2.990573711660845e-06
эк,5,1.4952868558304225e-05
яЧ,3,8.971721134982535e-06
42,3,8.971721134982535e-06
Кi,1,2.990573711660845e-06
:ш,2,5.98114742332169e-06
хО,1,2.990573711660845e-06
сО,2,5.98114742332169e-06
"А,",9,2.6915163404947605e-05
Ищ,1,2.990573711660845e-06
уК,5,1.4952868558304225e-05
зЗ,1,2.990573711660845e-06
Як,3,8.971721134982535e-06
ВП,1,2.990573711660845e-06
?«,2,5.98114742332169e-06
!ц,1,2.990573711660845e-06
с–,2,5.98114742332169e-06
чШ,5,1.4952868558304225e-05
ш!,3,8.971721134982535e-06
?о,2,5.98114742332169e-06
Тк,3,8.971721134982535e-06
хЧ,1,2.990573711660845e-06
в…,3,8.971721134982535e-06
?г,1,2.990573711660845e-06
ьВ,1,2.990573711660845e-06
Ег,7,2.0934015981625914e-05
…м,1,2.990573711660845e-06
"ё,",3,8.971721134982535e-06
)Ч,1,2.990573711660845e-06
»«,1,2.990573711660845e-06
зС,1,2.990573711660845e-06
АВ,1,2.990573711660845e-06
д?,3,8.971721134982535e-06
Кц,1,2.990573711660845e-06
Аб,2,5.98114742332169e-06
43,2,5.98114742332169e-06
]а,1,2.990573711660845e-06
вc,1,2.990573711660845e-06
cu,1,2.990573711660845e-06
"u,",1,2.990573711660845e-06
?З,3,8.971721134982535e-06
с;,4,1.196229484664338e-05
!Ц,1,2.990573711660845e-06
«Х,1,2.990573711660845e-06
вУ,2,5.98114742332169e-06
44,2,5.98114742332169e-06
?р,4,1.196229484664338e-05
б;,2,5.98114742332169e-06
иВ,2,5.98114742332169e-06
х[,1,2.990573711660845e-06
45,2,5.98114742332169e-06
и«,3,8.971721134982535e-06
ш»,1,2.990573711660845e-06
»и,2,5.98114742332169e-06
Иж,1,2.990573711660845e-06
ы»,2,5.98114742332169e-06
46,2,5.98114742332169e-06
]У,1,2.990573711660845e-06
яВ,1,2.990573711660845e-06
«Я,4,1.196229484664338e-05
б-,1,2.990573711660845e-06
чп,7,2.0934015981625914e-05
йС,5,1.4952868558304225e-05
йВ,1,2.990573711660845e-06
"ь
",1,2.990573711660845e-06
цК,1,2.990573711660845e-06
лГ,11,3.28963108282693e-05
цМ,1,2.990573711660845e-06
сП,2,5.98114742332169e-06
",Д",5,1.4952868558304225e-05
юК,3,8.971721134982535e-06
йХ,1,2.990573711660845e-06
рф,1,2.990573711660845e-06
ьК,3,8.971721134982535e-06
́ю,1,2.990573711660845e-06
гД,1,2.990573711660845e-06
иД,3,8.971721134982535e-06
47,2,5.98114742332169e-06
]С,1,2.990573711660845e-06
оУ,1,2.990573711660845e-06
48,2,5.98114742332169e-06
хД,1,2.990573711660845e-06
49,2,5.98114742332169e-06
]ж,1,2.990573711660845e-06
хК,2,5.98114742332169e-06
ыД,2,5.98114742332169e-06
нД,42,0.0001256040958897555
яК,8,2.392458969328676e-05
йД,4,1.196229484664338e-05
жг,2,5.98114742332169e-06
…М,2,5.98114742332169e-06
лД,13,3.8877458251590985e-05
ьД,2,5.98114742332169e-06
щь,2,5.98114742332169e-06
гг,3,8.971721134982535e-06
г?,1,2.990573711660845e-06
Яе,2,5.98114742332169e-06
кД,1,2.990573711660845e-06
в[,1,2.990573711660845e-06
50,2,5.98114742332169e-06
вБ,1,2.990573711660845e-06
…я,5,1.4952868558304225e-05
Яи,1,2.990573711660845e-06
ц…,2,5.98114742332169e-06
Ал,2,5.98114742332169e-06
яа,2,5.98114742332169e-06
щ!,1,2.990573711660845e-06
;Д,1,2.990573711660845e-06
51,2,5.98114742332169e-06
]О,1,2.990573711660845e-06
!Л,1,2.990573711660845e-06
52,2,5.98114742332169e-06
рр,3,8.971721134982535e-06
Лж,1,2.990573711660845e-06
яД,1,2.990573711660845e-06
?Х,1,2.990573711660845e-06
ц;,1,2.990573711660845e-06
зф,2,5.98114742332169e-06
Аи,4,1.196229484664338e-05
?я,1,2.990573711660845e-06
сД,2,5.98114742332169e-06
53,2,5.98114742332169e-06
Вх,1,2.990573711660845e-06
йа,8,2.392458969328676e-05
мС,2,5.98114742332169e-06
́ж,2,5.98114742332169e-06
шр,1,2.990573711660845e-06
нБ,3,8.971721134982535e-06
Ял,1,2.990573711660845e-06
дД,1,2.990573711660845e-06
йР,1,2.990573711660845e-06
ш…,1,2.990573711660845e-06
р:,2,5.98114742332169e-06
жх,1,2.990573711660845e-06
Жд,1,2.990573711660845e-06
Их,1,2.990573711660845e-06
ьБ,1,2.990573711660845e-06
Ае,1,2.990573711660845e-06
еД,3,8.971721134982535e-06
Шл,1,2.990573711660845e-06
р–,3,8.971721134982535e-06
бг,2,5.98114742332169e-06
Сг,1,2.990573711660845e-06
гК,1,2.990573711660845e-06
тУ,1,2.990573711660845e-06
вВ,3,8.971721134982535e-06
вС,1,2.990573711660845e-06
ц-,1,2.990573711660845e-06
Уо,1,2.990573711660845e-06
Бi,2,5.98114742332169e-06
iм,1,2.990573711660845e-06
чц,1,2.990573711660845e-06
Зт,1,2.990573711660845e-06
Iб,1,2.990573711660845e-06
iо,1,2.990573711660845e-06
54,2,5.98114742332169e-06
юБ,1,2.990573711660845e-06
XV,2,5.98114742332169e-06
Иу,3,8.971721134982535e-06
Ву,1,2.990573711660845e-06
зЧ,1,2.990573711660845e-06
аШ,1,2.990573711660845e-06
мШ,3,8.971721134982535e-06
вГ,6,1.794344226996507e-05
иХ,1,2.990573711660845e-06
Хм,1,2.990573711660845e-06
55,2,5.98114742332169e-06
:И,1,2.990573711660845e-06
н»,1,2.990573711660845e-06
"
*",9,2.6915163404947605e-05
"*
",9,2.6915163404947605e-05
тИ,3,8.971721134982535e-06
нП,1,2.990573711660845e-06
оИ,8,2.392458969328676e-05
Ех,2,5.98114742332169e-06
кИ,8,2.392458969328676e-05
Мл,1,2.990573711660845e-06
мИ,2,5.98114742332169e-06
»З,1,2.990573711660845e-06
рП,2,5.98114742332169e-06
оХ,6,1.794344226996507e-05
иЕ,1,2.990573711660845e-06
Ер,1,2.990573711660845e-06
нФ,71,0.00021233073352791999
Фе,100,0.0002990573711660845
Шп,8,2.392458969328676e-05
́и,1,2.990573711660845e-06
ю),1,2.990573711660845e-06
мА,1,2.990573711660845e-06
мВ,2,5.98114742332169e-06
Уч,1,2.990573711660845e-06
",Н",1,2.990573711660845e-06
рТ,1,2.990573711660845e-06
чД,1,2.990573711660845e-06
кШ,1,2.990573711660845e-06
56,2,5.98114742332169e-06
еs,1,2.990573711660845e-06
sc,1,2.990573711660845e-06
it,1,2.990573711660845e-06
"t,",1,2.990573711660845e-06
57,5,1.4952868558304225e-05
фм,1,2.990573711660845e-06
П*,5,1.4952868558304225e-05
*п,5,1.4952868558304225e-05
с»,1,2.990573711660845e-06
к[,1,2.990573711660845e-06
58,3,8.971721134982535e-06
(с,1,2.990573711660845e-06
уИ,4,1.196229484664338e-05
зМ,1,2.990573711660845e-06
«Л,1,2.990573711660845e-06
аЦ,1,2.990573711660845e-06
цИ,2,5.98114742332169e-06
тМ,1,2.990573711660845e-06
ыИ,3,8.971721134982535e-06
с-,1,2.990573711660845e-06
нГ,1,2.990573711660845e-06
тГ,2,5.98114742332169e-06
въ,4,1.196229484664338e-05
вШ,1,2.990573711660845e-06
р-,1,2.990573711660845e-06
йГ,23,6.878319536819944e-05
яЯ,1,2.990573711660845e-06
шж,1,2.990573711660845e-06
рГ,1,2.990573711660845e-06
яИ,3,8.971721134982535e-06
59,2,5.98114742332169e-06
»М,1,2.990573711660845e-06
юП,1,2.990573711660845e-06
мО,1,2.990573711660845e-06
ИИ,2,5.98114742332169e-06
Пь,1,2.990573711660845e-06
ьИ,5,1.4952868558304225e-05
фы,1,2.990573711660845e-06
У!,1,2.990573711660845e-06
мФ,1,2.990573711660845e-06
бИ,1,2.990573711660845e-06
нК,2,5.98114742332169e-06
уО,1,2.990573711660845e-06
"д
",1,2.990573711660845e-06
Я-,1,2.990573711660845e-06
Ях,1,2.990573711660845e-06
чз,2,5.98114742332169e-06
иФ,1,2.990573711660845e-06
лф,1,2.990573711660845e-06
ВГ,1,2.990573711660845e-06
у«,1,2.990573711660845e-06
м»,1,2.990573711660845e-06
»?,1,2.990573711660845e-06
вИ,1,2.990573711660845e-06
юф,1,2.990573711660845e-06
?х,1,2.990573711660845e-06
.я,1,2.990573711660845e-06
кБ,1,2.990573711660845e-06
«Щ,1,2.990573711660845e-06
рО,1,2.990573711660845e-06
лА,1,2.990573711660845e-06
вН,1,2.990573711660845e-06
ж(,1,2.990573711660845e-06
Чр,1,2.990573711660845e-06
!щ,1,2.990573711660845e-06
кМ,1,2.990573711660845e-06
.н,1,2.990573711660845e-06
цж,1,2.990573711660845e-06
-е,2,5.98114742332169e-06
ИБ,1,2.990573711660845e-06
?з,3,8.971721134982535e-06
лО,1,2.990573711660845e-06
п;,1,2.990573711660845e-06
в-,1,2.990573711660845e-06
«ч,1,2.990573711660845e-06
"
n",1,2.990573711660845e-06
no,1,2.990573711660845e-06
ot,1,2.990573711660845e-06
te,1,2.990573711660845e-06
es,1,2.990573711660845e-06
"s
",1,2.990573711660845e-06
"
1",11,3.28963108282693e-05
"1
",6,1.794344226996507e-05
"
2",11,3.28963108282693e-05
"2
",6,1.794344226996507e-05
!(,10,2.990573711660845e-05
(у,18,5.383032680989521e-05
"
3",11,3.28963108282693e-05
"3
",6,1.794344226996507e-05
"
4",11,3.28963108282693e-05
"4
",6,1.794344226996507e-05
")
",10,2.990573711660845e-05
"
5",11,3.28963108282693e-05
"5
",6,1.794344226996507e-05
"
6",1,2.990573711660845e-06
"6
",6,1.794344226996507e-05
"
7",1,2.990573711660845e-06
"7
",6,1.794344226996507e-05
"
8",1,2.990573711660845e-06
"8
",6,1.794344226996507e-05
:Р,1,2.990573711660845e-06
а(,4,1.196229484664338e-05
"
9",1,2.990573711660845e-06
"9
",6,1.794344226996507e-05
"0
",5,1.4952868558304225e-05
к(,1,2.990573711660845e-06
з(,1,2.990573711660845e-06
(П,8,2.392458969328676e-05
Н.,8,2.392458969328676e-05
В.,8,2.392458969328676e-05
в1,6,1.794344226996507e-05
77,1,2.990573711660845e-06
7г,1,2.990573711660845e-06
78,1,2.990573711660845e-06
8г,1,2.990573711660845e-06
63,1,2.990573711660845e-06
8–,1,2.990573711660845e-06
–1,3,8.971721134982535e-06
64,1,2.990573711660845e-06
2г,1,2.990573711660845e-06
61,1,2.990573711660845e-06
6–,2,5.98114742332169e-06
62,2,5.98114742332169e-06
1г,1,2.990573711660845e-06
"
Ф",1,2.990573711660845e-06
Фу,1,2.990573711660845e-06
ьЕ,1,2.990573711660845e-06
ыI,1,2.990573711660845e-06
"I,",1,2.990573711660845e-06
в«,1,2.990573711660845e-06
«т,1,2.990573711660845e-06
»в,2,5.98114742332169e-06
ы«,1,2.990573711660845e-06
п»,1,2.990573711660845e-06
цО,1,2.990573711660845e-06
нф,1,2.990573711660845e-06
нН,1,2.990573711660845e-06
ш–,1,2.990573711660845e-06
б–,1,2.990573711660845e-06
0г,1,2.990573711660845e-06
(«,1,2.990573711660845e-06
»),1,2.990573711660845e-06
п–,1,2.990573711660845e-06
76,1,2.990573711660845e-06
86,1,2.990573711660845e-06
6г,1,2.990573711660845e-06
(л,1,2.990573711660845e-06
